{"sections":{"image_banner":{"type":"image-banner","blocks":{"heading":{"type":"heading","settings":{"heading":"Browse our latest products","heading_size":"h0"}},"button":{"type":"buttons","settings":{"button_label_1":"Shop all","button_link_1":"shopify:\/\/collections\/all","button_style_secondary_1":true,"button_label_2":"","button_link_2":"","button_style_secondary_2":false}}},"block_order":["heading","button"],"settings":{"image":"shopify:\/\/shop_images\/wallpaperflare.com_wallpaper_1.jpg","image_2":"shopify:\/\/shop_images\/wallpaperflare.com_wallpaper.jpg","image_overlay_opacity":50,"image_height":"large","desktop_content_position":"bottom-center","show_text_box":false,"desktop_content_alignment":"center","color_scheme":"scheme-3","image_behavior":"none","mobile_content_alignment":"center","stack_images_on_mobile":false,"show_text_below":false}},"featured_collection":{"type":"featured-collection","settings":{"title":"All New Collections","heading_size":"h2","description":"","show_description":false,"description_style":"body","collection":"all","products_to_show":8,"columns_desktop":4,"full_width":false,"show_view_all":true,"view_all_style":"solid","enable_desktop_slider":false,"color_scheme":"scheme-3","image_ratio":"adapt","image_shape":"blob","show_secondary_image":true,"show_vendor":false,"show_rating":false,"quick_add":"standard","columns_mobile":"2","swipe_on_mobile":false,"padding_top":44,"padding_bottom":36}},"multirow_w6AWkM":{"type":"multirow","blocks":{"row_LJAPfV":{"type":"row","settings":{"caption":"Caption","heading":"Row","text":"<p>Pair text with an image to focus on your chosen product, collection, or blog post. Add details on availability, style, or even provide a review.<\/p>","button_label":"Button label","button_link":""}},"row_DeBkpC":{"type":"row","settings":{"caption":"Caption","heading":"Row","text":"<p>Pair text with an image to focus on your chosen product, collection, or blog post. Add details on availability, style, or even provide a review.<\/p>","button_label":"Button label","button_link":""}},"row_xFDTU3":{"type":"row","settings":{"caption":"Caption","heading":"Row","text":"<p>Pair text with an image to focus on your chosen product, collection, or blog post. Add details on availability, style, or even provide a review.<\/p>","button_label":"Button label","button_link":""}}},"block_order":["row_LJAPfV","row_DeBkpC","row_xFDTU3"],"settings":{"image_height":"medium","desktop_image_width":"medium","heading_size":"h1","text_style":"body","button_style":"secondary","desktop_content_position":"middle","desktop_content_alignment":"left","image_layout":"alternate-left","section_color_scheme":"","row_color_scheme":"","mobile_content_alignment":"left","padding_top":36,"padding_bottom":36}}},"order":["image_banner","featured_collection","multirow_w6AWkM"]}